budget,genres,homepage,id,keywords,original_language,original_title,overview,popularity,production_companies,production_countries,release_date,revenue,runtime,spoken_languages,status,tagline,title,vote_average,vote_count,budget_missing_flag,revenue_missing_flag,popularity_log,popularity_norm,primary_genre,language_name,schedule_week_start,weeks_out,is_released_by_week,is_new_this_week,is_current_window,weekly_decay,effective_demand,market_status
40000000,"[{'id': 28, 'name': 'Action'}, {'id': 878, 'name': 'Science Fiction'}]",http://lucymovie.com/,240832,"[{'id': 310, 'name': 'artificial intelligence'}, {'id': 1475, 'name': 'telepathy'}, {'id': 2051, 'name': 'intelligence'}, {'id': 2235, 'name': 'drug mule'}, {'id': 5086, 'name': 'telekinesis'}, {'id': 9685, 'name': 'futuristic'}, {'id': 14964, 'name': 'drug'}, {'id': 33637, 'name': 'superpower'}, {'id': 34009, 'name': 'tough girl'}, {'id': 156395, 'name': 'imax'}, {'id': 157959, 'name': 'surgery'}, {'id': 234944, 'name': 'brain capacity'}, {'id': 234945, 'name': 'synthetic drug'}, {'id': 234946, 'name': 'human brain'}]",en,Lucy,"A woman, accidentally caught in a dark deal, turns the tables on her captors and transforms into a merciless warrior evolved beyond human logic.",115.241998,"[{'name': 'Universal Pictures', 'id': 33}, {'name': 'TF1 Films Production', 'id': 3823}, {'name': 'Canal+', 'id': 5358}, {'name': 'EuropaCorp', 'id': 6896}, {'name': 'Ciné+', 'id': 23616}]","[{""iso_3166_1"": ""FR"", ""name"": ""France""}, {""iso_3166_1"": ""US"", ""name"": ""United States of America""}]",2014-07-14,126546825,89.0,"[{'iso_639_1': 'zh', 'name': '普通话'}, {'iso_639_1': 'en', 'name': 'English'}, {'iso_639_1': 'fr', 'name': 'Français'}, {'iso_639_1': 'es', 'name': 'Español'}, {'iso_639_1': 'ko', 'name': '한국어/조선말'}]",Released,The average person uses 10% of their brain capacity. Imagine what she could do with 100%.,Lucy,6.3,5878,False,False,4.755674207689667,0.6540102023599227,Action,普通话,2014-07-16,0.2857142857142857,True,True,True,0.8545819669589086,0.5589053251439366,New this week
20000000,"[{'id': 35, 'name': 'Comedy'}]",,226486,[],en,Tammy,"After losing her job and learning that her husband has been unfaithful, a woman hits the road with her profane, hard-drinking grandmother.",21.657563,"[{'name': 'New Line Cinema', 'id': 12}, {'name': 'Gary Sanchez Productions', 'id': 4740}]","[{""iso_3166_1"": ""US"", ""name"": ""United States of America""}]",2014-07-02,100525432,97.0,"[{'iso_639_1': 'en', 'name': 'English'}]",Released,She hit the road. The road hit back.,Tammy,5.0,500,False,False,3.1204937034791804,0.3739823355684371,Comedy,English,2014-07-16,2.0,True,False,True,0.33287108369807955,0.12448790532460449,Currently running
30000000,"[{'id': 53, 'name': 'Thriller'}, {'id': 80, 'name': 'Crime'}, {'id': 27, 'name': 'Horror'}]",,184346,"[{'id': 10375, 'name': 'possessed'}, {'id': 15001, 'name': 'demon'}, {'id': 156174, 'name': 'occult'}, {'id': 161261, 'name': 'demonic possession'}]",en,Deliver Us from Evil,"When a frightening wave of violence sweeps through New York City, troubled cop Sarchie fails to find a rational explanation for the bizarre crimes. However, his eyes are opened to a frightening alternate reality when renegade Jesuit priest, Mendoza convinces him that demonic possession may be to blame for the gruesome murders. Together, they wage a valiant supernatural struggle to rid the city of an otherworldly evil.",29.359201,"[{'name': 'Jerry Bruckheimer Films', 'id': 130}, {'name': 'Screen Gems', 'id': 3287}, {'name': 'LStar Capital', 'id': 34034}]","[{""iso_3166_1"": ""US"", ""name"": ""United States of America""}]",2014-07-01,0,118.0,"[{'iso_639_1': 'en', 'name': 'English'}]",Released,,Deliver Us from Evil,5.9,690,False,True,3.41309963465806,0.4240916748784235,Thriller,English,2014-07-16,2.142857142857143,True,False,True,0.30771802192680026,0.13050065130921215,Currently running
170000000,"[{'id': 878, 'name': 'Science Fiction'}, {'id': 28, 'name': 'Action'}, {'id': 18, 'name': 'Drama'}, {'id': 53, 'name': 'Thriller'}]",http://www.dawnofapes.com/,119450,"[{'id': 3077, 'name': 'leader'}, {'id': 4090, 'name': 'colony'}, {'id': 4458, 'name': 'post-apocalyptic'}, {'id': 4565, 'name': 'dystopia'}, {'id': 5774, 'name': 'forest'}, {'id': 9663, 'name': 'sequel'}, {'id': 9720, 'name': 'woods'}, {'id': 14759, 'name': 'ape'}, {'id': 14760, 'name': 'scientist'}, {'id': 15149, 'name': 'monkey'}, {'id': 158025, 'name': 'medical research'}, {'id': 158130, 'name': 'animal attack'}, {'id': 188959, 'name': 'plague'}, {'id': 209714, 'name': '3d'}]",en,Dawn of the Planet of the Apes,"A group of scientists in San Francisco struggle to stay alive in the aftermath of a plague that is wiping out humanity, while Caesar tries to maintain dominance over his community of intelligent apes.",243.791743,"[{'name': 'Ingenious Media', 'id': 290}, {'name': 'Chernin Entertainment', 'id': 7076}, {'name': 'TSG Entertainment', 'id': 22213}]","[{""iso_3166_1"": ""US"", ""name"": ""United States of America""}]",2014-06-26,710644566,130.0,"[{'iso_639_1': 'en', 'name': 'English'}]",Released,One last chance for peace.,Dawn of the Planet of the Apes,7.3,4410,False,False,5.500407820494153,0.7815472934544918,Science Fiction,English,2014-07-16,2.857142857142857,True,False,True,0.2077481871436008,0.16236503338215846,Currently running
210000000,"[{'id': 878, 'name': 'Science Fiction'}, {'id': 28, 'name': 'Action'}, {'id': 12, 'name': 'Adventure'}]",http://www.transformersmovie.com,91314,"[{'id': 9663, 'name': 'sequel'}, {'id': 9951, 'name': 'alien'}, {'id': 10607, 'name': 'transformers'}, {'id': 10891, 'name': 'giant robot'}, {'id': 14544, 'name': 'robot'}, {'id': 156395, 'name': 'imax'}, {'id': 166594, 'name': 'transforming robot'}]",en,Transformers: Age of Extinction,"As humanity picks up the pieces, following the conclusion of ""Transformers: Dark of the Moon,"" Autobots and Decepticons have all but vanished from the face of the planet. However, a group of powerful, ingenious businessman and scientists attempt to learn from past Transformer incursions and push the boundaries of technology beyond what they can control - all while an ancient, powerful Transformer menace sets Earth in his cross-hairs.",116.840296,"[{'name': 'Paramount Pictures', 'id': 4}, {'name': 'Amblin Entertainment', 'id': 56}, {'name': 'Di Bonaventura Pictures', 'id': 435}, {'name': 'Platinum Dunes', 'id': 2481}, {'name': 'China Movie Channel', 'id': 11413}, {'name': 'Hasbro Studios', 'id': 22826}, {'name': 'Ian Bryce Productions', 'id': 38833}, {'name': 'Revolution Sun Studios', 'id': 76043}]","[{""iso_3166_1"": ""US"", ""name"": ""United States of America""}]",2014-06-25,1091405097,165.0,"[{'iso_639_1': 'en', 'name': 'English'}]",Released,This is not war. It's extinction.,Transformers: Age of Extinction,5.8,3095,False,False,4.769330284031736,0.6563488322035176,Science Fiction,English,2014-07-16,3.0,True,False,True,0.19204990862075408,0.1260517332480242,Currently running
24000000,"[{'id': 35, 'name': 'Comedy'}, {'id': 10749, 'name': 'Romance'}]",,184098,[],en,Think Like a Man Too,"All the couples are back for a wedding in Las Vegas, but plans for a romantic weekend go awry when their various misadventures get them into some compromising situations that threaten to derail the big event.",15.237142,"[{'name': 'Will Packer Productions', 'id': 49968}]","[{""iso_3166_1"": ""US"", ""name"": ""United States of America""}]",2014-06-20,70181428,105.0,"[{'iso_639_1': 'en', 'name': 'English'}]",Released,,Think Like a Man Too,6.4,225,False,False,2.7873013340246406,0.3169224891421217,Comedy,English,2014-07-16,3.7142857142857144,True,False,True,0.12965773050025248,0.041091450686658405,Currently running
13000000,"[{'id': 10751, 'name': 'Family'}, {'id': 12, 'name': 'Adventure'}, {'id': 878, 'name': 'Science Fiction'}]",,238603,"[{'id': 9951, 'name': 'alien'}, {'id': 163053, 'name': 'found footage'}]",en,Earth to Echo,"After a construction project begins digging in their neighborhood, best friends Tuck, Munch and Alex inexplicably begin to receive strange, encoded messages on their cell phones. Convinced something bigger is going on, they go to their parents and the authorities. When everyone around them refuses to take the messages seriously, the three embark on a secret adventure to crack the code and follow it to its source. But taking matters into their own hands gets the trio in way over their heads when they discover a mysterious being from another world who desperately needs their help. The epic, suspenseful and exciting journey that follows will change all of their lives forever.",17.371327,"[{'name': 'Walt Disney Studios Motion Pictures', 'id': 3036}, {'name': 'Panay Films', 'id': 10426}]","[{""iso_3166_1"": ""US"", ""name"": ""United States of America""}]",2014-06-14,45300000,89.0,"[{'iso_639_1': 'en', 'name': 'English'}]",Released,No one will ever believe our story.,Earth to Echo,5.7,290,False,False,2.910791133961538,0.33807035945845304,Family,English,2014-07-16,4.571428571428571,True,False,True,0.08092069206291477,0.027356887453336386,Currently running
145000000,"[{'id': 14, 'name': 'Fantasy'}, {'id': 28, 'name': 'Action'}, {'id': 12, 'name': 'Adventure'}, {'id': 16, 'name': 'Animation'}, {'id': 35, 'name': 'Comedy'}, {'id': 10751, 'name': 'Family'}]",http://www.howtotrainyourdragon.com/,82702,"[{'id': 494, 'name': 'father son relationship'}, {'id': 1157, 'name': 'wife husband relationship'}, {'id': 2858, 'name': 'sacrifice'}, {'id': 5895, 'name': 'viking'}, {'id': 9663, 'name': 'sequel'}, {'id': 10084, 'name': 'rescue'}, {'id': 12554, 'name': 'dragon'}, {'id': 157499, 'name': 'mother son relationship'}, {'id': 175421, 'name': 'death of husband'}, {'id': 192913, 'name': 'warrior'}, {'id': 209714, 'name': '3d'}]",en,How to Train Your Dragon 2,"The thrilling second chapter of the epic How To Train Your Dragon trilogy brings back the fantastical world of Hiccup and Toothless five years later. While Astrid, Snotlout and the rest of the gang are challenging each other to dragon races (the island's new favorite contact sport), the now inseparable pair journey through the skies, charting unmapped territories and exploring new worlds. When one of their adventures leads to the discovery of a secret ice cave that is home to hundreds of new wild dragons and the mysterious Dragon Rider, the two friends find themselves at the center of a battle to protect the peace.",100.21391,"[{'name': 'DreamWorks Animation', 'id': 521}, {'name': 'Mad Hatter Entertainment', 'id': 20154}]","[{""iso_3166_1"": ""US"", ""name"": ""United States of America""}]",2014-06-12,609123048,102.0,"[{'iso_639_1': 'en', 'name': 'English'}]",Released,The training is over.,How to Train Your Dragon 2,7.6,3106,False,False,4.617236198000783,0.6303024218205779,Fantasy,English,2014-07-16,4.857142857142857,True,False,True,0.06915336419080186,0.04358753292650284,Currently running
50000000,"[{'id': 80, 'name': 'Crime'}, {'id': 35, 'name': 'Comedy'}, {'id': 28, 'name': 'Action'}]",http://www.22jumpstreetmovie.com,187017,"[{'id': 6270, 'name': 'high school'}, {'id': 11199, 'name': 'undercover cop'}, {'id': 167541, 'name': 'buddy comedy'}, {'id': 179430, 'name': 'aftercreditsstinger'}, {'id': 179431, 'name': 'duringcreditsstinger'}]",en,22 Jump Street,"After making their way through high school (twice), big changes are in store for officers Schmidt and Jenko when they go deep undercover at a local college. But when Jenko meets a kindred spirit on the football team, and Schmidt infiltrates the bohemian art major scene, they begin to question their partnership. Now they don't have to just crack the case - they have to figure out if they can have a mature relationship. If these two overgrown adolescents can grow from freshmen into real men, college might be the best thing that ever happened to them.",52.380982,"[{'name': 'Columbia Pictures', 'id': 5}, {'name': 'Original Film', 'id': 333}, {'name': 'Media Rights Capital', 'id': 2531}, {'name': 'Metro-Goldwyn-Mayer (MGM)', 'id': 8411}, {'name': 'Cannell Studios', 'id': 9194}, {'name': 'LStar Capital', 'id': 34034}, {'name': '33andOut Productions', 'id': 34035}, {'name': 'JHF Productions', 'id': 34036}]","[{""iso_3166_1"": ""US"", ""name"": ""United States of America""}]",2014-06-05,188441614,112.0,"[{'iso_639_1': 'en', 'name': 'English'}]",Released,They're not 21 anymore,22 Jump Street,7.0,3319,False,False,3.9774545402103136,0.520738558759547,Crime,English,2014-07-16,5.857142857142857,True,False,True,0.03989802035705586,0.020776437618092336,Currently running
4000000,"[{'id': 18, 'name': 'Drama'}]",,85350,"[{'id': 1850, 'name': 'daily life'}, {'id': 2783, 'name': ""family's daily life""}, {'id': 5768, 'name': 'urban life'}, {'id': 9825, 'name': 'growing up'}, {'id': 10303, 'name': 'domestic abuse'}, {'id': 10683, 'name': 'coming of age'}, {'id': 15025, 'name': 'parenting'}, {'id': 15160, 'name': 'divorce'}, {'id': 18035, 'name': 'family'}, {'id': 184439, 'name': 'divorced parents'}, {'id': 212643, 'name': 'abusive husband'}]",en,Boyhood,"The film tells a story of a divorced couple trying to raise their young son. The story follows the boy for twelve years, from first grade at age 6 through 12th grade at age 17-18, and examines his relationship with his parents as he grows.",43.40352,"[{'name': 'IFC Films', 'id': 307}, {'name': 'Detour Filmproduction', 'id': 11510}]","[{""iso_3166_1"": ""US"", ""name"": ""United States of America""}]",2014-06-05,44349000,164.0,"[{'iso_639_1': 'es', 'name': 'Español'}, {'iso_639_1': 'en', 'name': 'English'}]",Released,12 years in the making.,Boyhood,7.5,1971,False,False,3.7933187455750224,0.48920494296673156,Drama,Español,2014-07-16,5.857142857142857,True,False,True,0.03989802035705586,0.019518308773259007,Currently running
40000000,"[{'id': 10402, 'name': 'Music'}, {'id': 18, 'name': 'Drama'}]",,209451,"[{'id': 5565, 'name': 'biography'}, {'id': 10181, 'name': 'based on play'}]",en,Jersey Boys,"From director Clint Eastwood comes the big-screen version of the Tony Award-winning musical Jersey Boys. The film tells the story of four young men from the wrong side of the tracks in New Jersey who came together to form the iconic 1960s rock group The Four Seasons. The story of their trials and triumphs are accompanied by the songs that influenced a generation, including “Sherry,” “Big Girls Don’t Cry,” “Walk Like a Man,” “Rag Doll,” and many more.",14.199933,"[{'name': 'Warner Bros.', 'id': 6194}]","[{""iso_3166_1"": ""US"", ""name"": ""United States of America""}]",2014-06-05,67347013,134.0,"[{'iso_639_1': 'en', 'name': 'English'}]",Released,,Jersey Boys,6.8,255,False,False,2.721291019947779,0.3056180934563961,Music,English,2014-07-16,5.857142857142857,True,False,True,0.03989802035705586,0.012193556914207895,Currently running
180000000,"[{'id': 14, 'name': 'Fantasy'}, {'id': 12, 'name': 'Adventure'}, {'id': 28, 'name': 'Action'}, {'id': 10751, 'name': 'Family'}, {'id': 10749, 'name': 'Romance'}]",http://movies.disney.com/maleficent,102651,"[{'id': 3205, 'name': 'fairy tale'}, {'id': 3289, 'name': 'villain'}, {'id': 7430, 'name': 'sleeping beauty'}, {'id': 177895, 'name': 'dark fantasy'}, {'id': 179411, 'name': 'based on fairy tale'}, {'id': 186846, 'name': 'adaptation'}, {'id': 186847, 'name': 'retelling'}, {'id': 186849, 'name': 'literary adaptation'}, {'id': 209714, 'name': '3d'}]",en,Maleficent,"The untold story of Disney's most iconic villain from the 1959 classic 'Sleeping Beauty'. A beautiful, pure-hearted young woman, Maleficent has an idyllic life growing up in a peaceable forest kingdom, until one day when an invading army threatens the harmony of the land.  Maleficent rises to be the land's fiercest protector, but she ultimately suffers a ruthless betrayal – an act that begins to turn her heart into stone. Bent on revenge, Maleficent faces an epic battle with the invading King's successor and, as a result, places a curse upon his newborn infant Aurora. As the child grows, Maleficent realizes that Aurora holds the key to peace in the kingdom - and to Maleficent's true happiness as well.",110.620647,"[{'name': 'Walt Disney Pictures', 'id': 2}, {'name': 'Walt Disney Studios Motion Pictures', 'id': 3036}, {'name': 'Roth Films', 'id': 16314}]","[{""iso_3166_1"": ""US"", ""name"": ""United States of America""}]",2014-05-28,758539785,97.0,"[{'iso_639_1': 'en', 'name': 'English'}]",Released,Don't believe the fairy tale.,Maleficent,7.0,4496,False,False,4.715106041795737,0.6470628244247844,Fantasy,English,2014-07-16,7.0,True,False,True,0.021279736438377158,0.013769326362831324,Currently running
178000000,"[{'id': 28, 'name': 'Action'}, {'id': 878, 'name': 'Science Fiction'}]",http://www.edgeoftomorrowmovie.com/,137113,"[{'id': 563, 'name': 'deja vu'}, {'id': 1521, 'name': 'time warp'}, {'id': 2062, 'name': 'restart'}, {'id': 4565, 'name': 'dystopia'}, {'id': 6091, 'name': 'war'}, {'id': 9951, 'name': 'alien'}, {'id': 11109, 'name': 'military officer'}, {'id': 13065, 'name': 'soldier'}, {'id': 14909, 'name': 'alien invasion'}, {'id': 204318, 'name': 'exoskeleton'}]",en,Edge of Tomorrow,"Major Bill Cage is an officer who has never seen a day of combat when he is unceremoniously demoted and dropped into combat. Cage is killed within minutes, managing to take an alpha alien down with him. He awakens back at the beginning of the same day and is forced to fight and die again... and again - as physical contact with the alien has thrown him into a time loop.",79.456485,"[{'name': 'Village Roadshow Pictures', 'id': 79}, {'name': 'Warner Bros.', 'id': 6194}, {'name': 'Viz Media', 'id': 6687}, {'name': 'Province of British Columbia Production Services Tax Credit', 'id': 12200}, {'name': '3 Arts Entertainment', 'id': 36390}, {'name': 'RatPac-Dune Entertainment', 'id': 41624}]","[{""iso_3166_1"": ""AU"", ""name"": ""Australia""}, {""iso_3166_1"": ""US"", ""name"": ""United States of America""}]",2014-05-27,370541256,113.0,"[{'iso_639_1': 'en', 'name': 'English'}]",Released,"Live, Die, Repeat",Edge of Tomorrow,7.6,4858,False,False,4.387716479263615,0.5909967200591792,Action,English,2014-07-16,7.142857142857143,True,False,True,0.019671754996539073,0.011625942680762363,Currently running
0,"[{'id': 35, 'name': 'Comedy'}, {'id': 37, 'name': 'Western'}]",,188161,"[{'id': 75, 'name': 'gunslinger'}, {'id': 154846, 'name': 'farmer'}, {'id': 155573, 'name': 'wild west'}, {'id': 215404, 'name': 'laxative'}]",en,A Million Ways to Die in the West,"As a cowardly farmer begins to fall for the mysterious new woman in town, he must put his new-found courage to the test when her husband, a notorious gun-slinger, announces his arrival.",32.808675,"[{'name': 'Media Rights Capital', 'id': 2531}, {'name': 'Fuzzy Door Productions', 'id': 8789}, {'name': 'Bluegrass Films', 'id': 27451}, {'name': 'RGB Media', 'id': 31470}]","[{""iso_3166_1"": ""US"", ""name"": ""United States of America""}]",2014-05-22,0,116.0,"[{'iso_639_1': 'en', 'name': 'English'}]",Released,Bring protection.,A Million Ways to Die in the West,5.8,1468,True,True,3.5207174263629835,0.4425214326711209,Comedy,English,2014-07-16,7.857142857142857,True,False,True,0.013280897273661229,0.005877081688698551,Currently running
40000000,"[{'id': 35, 'name': 'Comedy'}]",,232672,"[{'id': 409, 'name': 'africa'}, {'id': 4513, 'name': 'blind date'}, {'id': 14534, 'name': 'relationship'}, {'id': 14724, 'name': 'family vacation'}, {'id': 18035, 'name': 'family'}]",en,Blended,"After a bad blind date, a man and woman find themselves stuck together at a resort for families, where their attractions grows as their respective kids benefit from the burgeoning relationship.",44.120328,"[{'name': 'Happy Madison Productions', 'id': 2608}, {'name': 'Karz Entertainment', 'id': 4194}, {'name': 'Warner Bros.', 'id': 6194}, {'name': 'Gulfstream Pictures', 'id': 20788}]","[{""iso_3166_1"": ""US"", ""name"": ""United States of America""}]",2014-05-21,123494610,117.0,"[{'iso_639_1': 'en', 'name': 'English'}]",Released,"Single Dad, No Clue. Single Mum, Flying Solo.",Blended,6.6,1006,False,False,3.809332876666927,0.49194739430873213,Comedy,English,2014-07-16,8.0,True,False,True,0.012277339903068436,0.006039805374357139,Currently running
